SampleID	Group	Species	LinkerPrimerSequence	ReversePrimer
CRR147708	responder_pre	Homo sapiens	CCTACGGGNGGCWGCAG	GACTACHVGGGTATCTAATCC
CRR147711	responder_pre	Homo sapiens	CCTACGGGNGGCWGCAG	GACTACHVGGGTATCTAATCC
CRR147713	responder_pre	Homo sapiens	CCTACGGGNGGCWGCAG	GACTACHVGGGTATCTAATCC
CRR147714	responder_pre	Homo sapiens	CCTACGGGNGGCWGCAG	GACTACHVGGGTATCTAATCC
CRR147715	responder_pre	Homo sapiens	CCTACGGGNGGCWGCAG	GACTACHVGGGTATCTAATCC
CRR147717	responder_pre	Homo sapiens	CCTACGGGNGGCWGCAG	GACTACHVGGGTATCTAATCC
CRR147720	responder_pre	Homo sapiens	CCTACGGGNGGCWGCAG	GACTACHVGGGTATCTAATCC
CRR147722	responder_pre	Homo sapiens	CCTACGGGNGGCWGCAG	GACTACHVGGGTATCTAATCC
CRR147724	responder_pre	Homo sapiens	CCTACGGGNGGCWGCAG	GACTACHVGGGTATCTAATCC
CRR147725	responder_pre	Homo sapiens	CCTACGGGNGGCWGCAG	GACTACHVGGGTATCTAATCC
CRR147726	responder_pre	Homo sapiens	CCTACGGGNGGCWGCAG	GACTACHVGGGTATCTAATCC
CRR147727	responder_pre	Homo sapiens	CCTACGGGNGGCWGCAG	GACTACHVGGGTATCTAATCC
CRR147728	responder_pre	Homo sapiens	CCTACGGGNGGCWGCAG	GACTACHVGGGTATCTAATCC
CRR147729	responder_pre	Homo sapiens	CCTACGGGNGGCWGCAG	GACTACHVGGGTATCTAATCC
CRR147730	responder_pre	Homo sapiens	CCTACGGGNGGCWGCAG	GACTACHVGGGTATCTAATCC
CRR147732	responder_pre	Homo sapiens	CCTACGGGNGGCWGCAG	GACTACHVGGGTATCTAATCC
CRR147735	responder_pre	Homo sapiens	CCTACGGGNGGCWGCAG	GACTACHVGGGTATCTAATCC
CRR147736	responder_pre	Homo sapiens	CCTACGGGNGGCWGCAG	GACTACHVGGGTATCTAATCC
CRR147737	responder_pre	Homo sapiens	CCTACGGGNGGCWGCAG	GACTACHVGGGTATCTAATCC
CRR147738	responder_pre	Homo sapiens	CCTACGGGNGGCWGCAG	GACTACHVGGGTATCTAATCC
CRR147739	responder_pre	Homo sapiens	CCTACGGGNGGCWGCAG	GACTACHVGGGTATCTAATCC
CRR147740	responder_pre	Homo sapiens	CCTACGGGNGGCWGCAG	GACTACHVGGGTATCTAATCC
CRR147741	responder_pre	Homo sapiens	CCTACGGGNGGCWGCAG	GACTACHVGGGTATCTAATCC
CRR147743	responder_pre	Homo sapiens	CCTACGGGNGGCWGCAG	GACTACHVGGGTATCTAATCC
CRR147744	responder_pre	Homo sapiens	CCTACGGGNGGCWGCAG	GACTACHVGGGTATCTAATCC
CRR147745	responder_pre	Homo sapiens	CCTACGGGNGGCWGCAG	GACTACHVGGGTATCTAATCC
CRR147747	responder_pre	Homo sapiens	CCTACGGGNGGCWGCAG	GACTACHVGGGTATCTAATCC
CRR147748	responder_pre	Homo sapiens	CCTACGGGNGGCWGCAG	GACTACHVGGGTATCTAATCC
CRR147750	responder_pre	Homo sapiens	CCTACGGGNGGCWGCAG	GACTACHVGGGTATCTAATCC
CRR147751	responder_pre	Homo sapiens	CCTACGGGNGGCWGCAG	GACTACHVGGGTATCTAATCC
CRR147753	responder_pre	Homo sapiens	CCTACGGGNGGCWGCAG	GACTACHVGGGTATCTAATCC
CRR147765	responder_pre	Homo sapiens	CCTACGGGNGGCWGCAG	GACTACHVGGGTATCTAATCC
CRR147766	responder_pre	Homo sapiens	CCTACGGGNGGCWGCAG	GACTACHVGGGTATCTAATCC
CRR147769	responder_pre	Homo sapiens	CCTACGGGNGGCWGCAG	GACTACHVGGGTATCTAATCC
CRR147771	responder_pre	Homo sapiens	CCTACGGGNGGCWGCAG	GACTACHVGGGTATCTAATCC
CRR147772	responder_pre	Homo sapiens	CCTACGGGNGGCWGCAG	GACTACHVGGGTATCTAATCC
CRR147774	responder_pre	Homo sapiens	CCTACGGGNGGCWGCAG	GACTACHVGGGTATCTAATCC
CRR147776	responder_pre	Homo sapiens	CCTACGGGNGGCWGCAG	GACTACHVGGGTATCTAATCC
CRR147777	responder_pre	Homo sapiens	CCTACGGGNGGCWGCAG	GACTACHVGGGTATCTAATCC
CRR147778	responder_pre	Homo sapiens	CCTACGGGNGGCWGCAG	GACTACHVGGGTATCTAATCC
CRR147779	responder_pre	Homo sapiens	CCTACGGGNGGCWGCAG	GACTACHVGGGTATCTAATCC
CRR147781	responder_pre	Homo sapiens	CCTACGGGNGGCWGCAG	GACTACHVGGGTATCTAATCC
CRR147782	responder_pre	Homo sapiens	CCTACGGGNGGCWGCAG	GACTACHVGGGTATCTAATCC
CRR147786	responder_pre	Homo sapiens	CCTACGGGNGGCWGCAG	GACTACHVGGGTATCTAATCC
CRR147787	responder_pre	Homo sapiens	CCTACGGGNGGCWGCAG	GACTACHVGGGTATCTAATCC
CRR147792	responder_post	Homo sapiens	CCTACGGGNGGCWGCAG	GACTACHVGGGTATCTAATCC
CRR147795	responder_post	Homo sapiens	CCTACGGGNGGCWGCAG	GACTACHVGGGTATCTAATCC
CRR147797	responder_post	Homo sapiens	CCTACGGGNGGCWGCAG	GACTACHVGGGTATCTAATCC
CRR147798	responder_post	Homo sapiens	CCTACGGGNGGCWGCAG	GACTACHVGGGTATCTAATCC
CRR147799	responder_post	Homo sapiens	CCTACGGGNGGCWGCAG	GACTACHVGGGTATCTAATCC
CRR147801	responder_post	Homo sapiens	CCTACGGGNGGCWGCAG	GACTACHVGGGTATCTAATCC
CRR147804	responder_post	Homo sapiens	CCTACGGGNGGCWGCAG	GACTACHVGGGTATCTAATCC
CRR147806	responder_post	Homo sapiens	CCTACGGGNGGCWGCAG	GACTACHVGGGTATCTAATCC
CRR147808	responder_post	Homo sapiens	CCTACGGGNGGCWGCAG	GACTACHVGGGTATCTAATCC
CRR147809	responder_post	Homo sapiens	CCTACGGGNGGCWGCAG	GACTACHVGGGTATCTAATCC
CRR147810	responder_post	Homo sapiens	CCTACGGGNGGCWGCAG	GACTACHVGGGTATCTAATCC
CRR147811	responder_post	Homo sapiens	CCTACGGGNGGCWGCAG	GACTACHVGGGTATCTAATCC
CRR147812	responder_post	Homo sapiens	CCTACGGGNGGCWGCAG	GACTACHVGGGTATCTAATCC
CRR147813	responder_post	Homo sapiens	CCTACGGGNGGCWGCAG	GACTACHVGGGTATCTAATCC
CRR147814	responder_post	Homo sapiens	CCTACGGGNGGCWGCAG	GACTACHVGGGTATCTAATCC
CRR147816	responder_post	Homo sapiens	CCTACGGGNGGCWGCAG	GACTACHVGGGTATCTAATCC
CRR147819	responder_post	Homo sapiens	CCTACGGGNGGCWGCAG	GACTACHVGGGTATCTAATCC
CRR147820	responder_post	Homo sapiens	CCTACGGGNGGCWGCAG	GACTACHVGGGTATCTAATCC
CRR147821	responder_post	Homo sapiens	CCTACGGGNGGCWGCAG	GACTACHVGGGTATCTAATCC
CRR147822	responder_post	Homo sapiens	CCTACGGGNGGCWGCAG	GACTACHVGGGTATCTAATCC
CRR147823	responder_post	Homo sapiens	CCTACGGGNGGCWGCAG	GACTACHVGGGTATCTAATCC
CRR147824	responder_post	Homo sapiens	CCTACGGGNGGCWGCAG	GACTACHVGGGTATCTAATCC
CRR147825	responder_post	Homo sapiens	CCTACGGGNGGCWGCAG	GACTACHVGGGTATCTAATCC
CRR147827	responder_post	Homo sapiens	CCTACGGGNGGCWGCAG	GACTACHVGGGTATCTAATCC
CRR147828	responder_post	Homo sapiens	CCTACGGGNGGCWGCAG	GACTACHVGGGTATCTAATCC
CRR147829	responder_post	Homo sapiens	CCTACGGGNGGCWGCAG	GACTACHVGGGTATCTAATCC
CRR147831	responder_post	Homo sapiens	CCTACGGGNGGCWGCAG	GACTACHVGGGTATCTAATCC
CRR147832	responder_post	Homo sapiens	CCTACGGGNGGCWGCAG	GACTACHVGGGTATCTAATCC
CRR147834	responder_post	Homo sapiens	CCTACGGGNGGCWGCAG	GACTACHVGGGTATCTAATCC
CRR147835	responder_post	Homo sapiens	CCTACGGGNGGCWGCAG	GACTACHVGGGTATCTAATCC
CRR147837	responder_post	Homo sapiens	CCTACGGGNGGCWGCAG	GACTACHVGGGTATCTAATCC
CRR147849	responder_post	Homo sapiens	CCTACGGGNGGCWGCAG	GACTACHVGGGTATCTAATCC
CRR147850	responder_post	Homo sapiens	CCTACGGGNGGCWGCAG	GACTACHVGGGTATCTAATCC
CRR147853	responder_post	Homo sapiens	CCTACGGGNGGCWGCAG	GACTACHVGGGTATCTAATCC
CRR147855	responder_post	Homo sapiens	CCTACGGGNGGCWGCAG	GACTACHVGGGTATCTAATCC
CRR147856	responder_post	Homo sapiens	CCTACGGGNGGCWGCAG	GACTACHVGGGTATCTAATCC
CRR147858	responder_post	Homo sapiens	CCTACGGGNGGCWGCAG	GACTACHVGGGTATCTAATCC
CRR147860	responder_post	Homo sapiens	CCTACGGGNGGCWGCAG	GACTACHVGGGTATCTAATCC
CRR147861	responder_post	Homo sapiens	CCTACGGGNGGCWGCAG	GACTACHVGGGTATCTAATCC
CRR147862	responder_post	Homo sapiens	CCTACGGGNGGCWGCAG	GACTACHVGGGTATCTAATCC
CRR147863	responder_post	Homo sapiens	CCTACGGGNGGCWGCAG	GACTACHVGGGTATCTAATCC
CRR147865	responder_post	Homo sapiens	CCTACGGGNGGCWGCAG	GACTACHVGGGTATCTAATCC
CRR147866	responder_post	Homo sapiens	CCTACGGGNGGCWGCAG	GACTACHVGGGTATCTAATCC
CRR147869	responder_post	Homo sapiens	CCTACGGGNGGCWGCAG	GACTACHVGGGTATCTAATCC
CRR147870	responder_post	Homo sapiens	CCTACGGGNGGCWGCAG	GACTACHVGGGTATCTAATCC
CRR147709	non_responder_pre	Homo sapiens	CCTACGGGNGGCWGCAG	GACTACHVGGGTATCTAATCC
CRR147710	non_responder_pre	Homo sapiens	CCTACGGGNGGCWGCAG	GACTACHVGGGTATCTAATCC
CRR147712	non_responder_pre	Homo sapiens	CCTACGGGNGGCWGCAG	GACTACHVGGGTATCTAATCC
CRR147716	non_responder_pre	Homo sapiens	CCTACGGGNGGCWGCAG	GACTACHVGGGTATCTAATCC
CRR147718	non_responder_pre	Homo sapiens	CCTACGGGNGGCWGCAG	GACTACHVGGGTATCTAATCC
CRR147719	non_responder_pre	Homo sapiens	CCTACGGGNGGCWGCAG	GACTACHVGGGTATCTAATCC
CRR147721	non_responder_pre	Homo sapiens	CCTACGGGNGGCWGCAG	GACTACHVGGGTATCTAATCC
CRR147723	non_responder_pre	Homo sapiens	CCTACGGGNGGCWGCAG	GACTACHVGGGTATCTAATCC
CRR147731	non_responder_pre	Homo sapiens	CCTACGGGNGGCWGCAG	GACTACHVGGGTATCTAATCC
CRR147733	non_responder_pre	Homo sapiens	CCTACGGGNGGCWGCAG	GACTACHVGGGTATCTAATCC
CRR147734	non_responder_pre	Homo sapiens	CCTACGGGNGGCWGCAG	GACTACHVGGGTATCTAATCC
CRR147742	non_responder_pre	Homo sapiens	CCTACGGGNGGCWGCAG	GACTACHVGGGTATCTAATCC
CRR147746	non_responder_pre	Homo sapiens	CCTACGGGNGGCWGCAG	GACTACHVGGGTATCTAATCC
CRR147749	non_responder_pre	Homo sapiens	CCTACGGGNGGCWGCAG	GACTACHVGGGTATCTAATCC
CRR147752	non_responder_pre	Homo sapiens	CCTACGGGNGGCWGCAG	GACTACHVGGGTATCTAATCC
CRR147754	non_responder_pre	Homo sapiens	CCTACGGGNGGCWGCAG	GACTACHVGGGTATCTAATCC
CRR147755	non_responder_pre	Homo sapiens	CCTACGGGNGGCWGCAG	GACTACHVGGGTATCTAATCC
CRR147756	non_responder_pre	Homo sapiens	CCTACGGGNGGCWGCAG	GACTACHVGGGTATCTAATCC
CRR147757	non_responder_pre	Homo sapiens	CCTACGGGNGGCWGCAG	GACTACHVGGGTATCTAATCC
CRR147758	non_responder_pre	Homo sapiens	CCTACGGGNGGCWGCAG	GACTACHVGGGTATCTAATCC
CRR147759	non_responder_pre	Homo sapiens	CCTACGGGNGGCWGCAG	GACTACHVGGGTATCTAATCC
CRR147760	non_responder_pre	Homo sapiens	CCTACGGGNGGCWGCAG	GACTACHVGGGTATCTAATCC
CRR147761	non_responder_pre	Homo sapiens	CCTACGGGNGGCWGCAG	GACTACHVGGGTATCTAATCC
CRR147762	non_responder_pre	Homo sapiens	CCTACGGGNGGCWGCAG	GACTACHVGGGTATCTAATCC
CRR147763	non_responder_pre	Homo sapiens	CCTACGGGNGGCWGCAG	GACTACHVGGGTATCTAATCC
CRR147764	non_responder_pre	Homo sapiens	CCTACGGGNGGCWGCAG	GACTACHVGGGTATCTAATCC
CRR147767	non_responder_pre	Homo sapiens	CCTACGGGNGGCWGCAG	GACTACHVGGGTATCTAATCC
CRR147768	non_responder_pre	Homo sapiens	CCTACGGGNGGCWGCAG	GACTACHVGGGTATCTAATCC
CRR147770	non_responder_pre	Homo sapiens	CCTACGGGNGGCWGCAG	GACTACHVGGGTATCTAATCC
CRR147773	non_responder_pre	Homo sapiens	CCTACGGGNGGCWGCAG	GACTACHVGGGTATCTAATCC
CRR147775	non_responder_pre	Homo sapiens	CCTACGGGNGGCWGCAG	GACTACHVGGGTATCTAATCC
CRR147780	non_responder_pre	Homo sapiens	CCTACGGGNGGCWGCAG	GACTACHVGGGTATCTAATCC
CRR147783	non_responder_pre	Homo sapiens	CCTACGGGNGGCWGCAG	GACTACHVGGGTATCTAATCC
CRR147784	non_responder_pre	Homo sapiens	CCTACGGGNGGCWGCAG	GACTACHVGGGTATCTAATCC
CRR147785	non_responder_pre	Homo sapiens	CCTACGGGNGGCWGCAG	GACTACHVGGGTATCTAATCC
CRR147788	non_responder_pre	Homo sapiens	CCTACGGGNGGCWGCAG	GACTACHVGGGTATCTAATCC
CRR147789	non_responder_pre	Homo sapiens	CCTACGGGNGGCWGCAG	GACTACHVGGGTATCTAATCC
CRR147790	non_responder_pre	Homo sapiens	CCTACGGGNGGCWGCAG	GACTACHVGGGTATCTAATCC
CRR147791	non_responder_pre	Homo sapiens	CCTACGGGNGGCWGCAG	GACTACHVGGGTATCTAATCC
CRR147793	non_responder_post	Homo sapiens	CCTACGGGNGGCWGCAG	GACTACHVGGGTATCTAATCC
CRR147794	non_responder_post	Homo sapiens	CCTACGGGNGGCWGCAG	GACTACHVGGGTATCTAATCC
CRR147796	non_responder_post	Homo sapiens	CCTACGGGNGGCWGCAG	GACTACHVGGGTATCTAATCC
CRR147800	non_responder_post	Homo sapiens	CCTACGGGNGGCWGCAG	GACTACHVGGGTATCTAATCC
CRR147802	non_responder_post	Homo sapiens	CCTACGGGNGGCWGCAG	GACTACHVGGGTATCTAATCC
CRR147803	non_responder_post	Homo sapiens	CCTACGGGNGGCWGCAG	GACTACHVGGGTATCTAATCC
CRR147805	non_responder_post	Homo sapiens	CCTACGGGNGGCWGCAG	GACTACHVGGGTATCTAATCC
CRR147807	non_responder_post	Homo sapiens	CCTACGGGNGGCWGCAG	GACTACHVGGGTATCTAATCC
CRR147815	non_responder_post	Homo sapiens	CCTACGGGNGGCWGCAG	GACTACHVGGGTATCTAATCC
CRR147817	non_responder_post	Homo sapiens	CCTACGGGNGGCWGCAG	GACTACHVGGGTATCTAATCC
CRR147818	non_responder_post	Homo sapiens	CCTACGGGNGGCWGCAG	GACTACHVGGGTATCTAATCC
CRR147826	non_responder_post	Homo sapiens	CCTACGGGNGGCWGCAG	GACTACHVGGGTATCTAATCC
CRR147830	non_responder_post	Homo sapiens	CCTACGGGNGGCWGCAG	GACTACHVGGGTATCTAATCC
CRR147833	non_responder_post	Homo sapiens	CCTACGGGNGGCWGCAG	GACTACHVGGGTATCTAATCC
CRR147836	non_responder_post	Homo sapiens	CCTACGGGNGGCWGCAG	GACTACHVGGGTATCTAATCC
CRR147838	non_responder_post	Homo sapiens	CCTACGGGNGGCWGCAG	GACTACHVGGGTATCTAATCC
CRR147839	non_responder_post	Homo sapiens	CCTACGGGNGGCWGCAG	GACTACHVGGGTATCTAATCC
CRR147840	non_responder_post	Homo sapiens	CCTACGGGNGGCWGCAG	GACTACHVGGGTATCTAATCC
CRR147841	non_responder_post	Homo sapiens	CCTACGGGNGGCWGCAG	GACTACHVGGGTATCTAATCC
CRR147842	non_responder_post	Homo sapiens	CCTACGGGNGGCWGCAG	GACTACHVGGGTATCTAATCC
CRR147843	non_responder_post	Homo sapiens	CCTACGGGNGGCWGCAG	GACTACHVGGGTATCTAATCC
CRR147844	non_responder_post	Homo sapiens	CCTACGGGNGGCWGCAG	GACTACHVGGGTATCTAATCC
CRR147845	non_responder_post	Homo sapiens	CCTACGGGNGGCWGCAG	GACTACHVGGGTATCTAATCC
CRR147846	non_responder_post	Homo sapiens	CCTACGGGNGGCWGCAG	GACTACHVGGGTATCTAATCC
CRR147847	non_responder_post	Homo sapiens	CCTACGGGNGGCWGCAG	GACTACHVGGGTATCTAATCC
CRR147848	non_responder_post	Homo sapiens	CCTACGGGNGGCWGCAG	GACTACHVGGGTATCTAATCC
CRR147851	non_responder_post	Homo sapiens	CCTACGGGNGGCWGCAG	GACTACHVGGGTATCTAATCC
CRR147852	non_responder_post	Homo sapiens	CCTACGGGNGGCWGCAG	GACTACHVGGGTATCTAATCC
CRR147854	non_responder_post	Homo sapiens	CCTACGGGNGGCWGCAG	GACTACHVGGGTATCTAATCC
CRR147857	non_responder_post	Homo sapiens	CCTACGGGNGGCWGCAG	GACTACHVGGGTATCTAATCC
CRR147859	non_responder_post	Homo sapiens	CCTACGGGNGGCWGCAG	GACTACHVGGGTATCTAATCC
CRR147864	non_responder_post	Homo sapiens	CCTACGGGNGGCWGCAG	GACTACHVGGGTATCTAATCC
CRR147867	non_responder_post	Homo sapiens	CCTACGGGNGGCWGCAG	GACTACHVGGGTATCTAATCC
CRR147868	non_responder_post	Homo sapiens	CCTACGGGNGGCWGCAG	GACTACHVGGGTATCTAATCC
CRR147871	non_responder_post	Homo sapiens	CCTACGGGNGGCWGCAG	GACTACHVGGGTATCTAATCC
CRR147872	non_responder_post	Homo sapiens	CCTACGGGNGGCWGCAG	GACTACHVGGGTATCTAATCC
CRR147873	non_responder_post	Homo sapiens	CCTACGGGNGGCWGCAG	GACTACHVGGGTATCTAATCC
CRR147874	non_responder_post	Homo sapiens	CCTACGGGNGGCWGCAG	GACTACHVGGGTATCTAATCC
